Nombres,Restaurante,Estrellas Michelin,Precio,Estilo
Paco Roncero,"Madrid, España",2,€€€€ , Creativa
CEBO,"Madrid, España",0,€€€€ , Creativa
Umiko,"Madrid, España",0,€€€ , Japonesa
Casa Mortero,"Madrid, España",0,€€ , Creativa
Baoli,"Madrid, España",0,€€€ , China contemporánea
The Omar,"Madrid, España",0,€€ , Tradicional
Kyoshi Las Cortes,"Madrid, España",1,€€€ , Japonesa
Gofio,"Madrid, España",0,€€€ , Regional
Estimar Madrid,"Madrid, España",0,€€€ , Pescados y mariscos
Arallo Taberna,"Madrid, España",0,€ , Fusión
Ferretería,"Madrid, España",0,€€ , Actual
Triciclo,"Madrid, España",0,€€ , Creativa
Nunuka,"Madrid, España",0,€€ , Internacional
Chispa Bistró,"Madrid, España",0,€€ , Moderna
Sua,"Madrid, España",0,€€ , Tradicional
La Tasquita de Enfrente,"Madrid, España",0,€€€ , Internacional
Doppelgänger Bar,"Madrid, España",0,€€ , Fusión
Kuoco,"Madrid, España",0,€€€ , Fusión
Vinoteca Moratín,"Madrid, España",0,€€ , Tradicional
Palm Court,"Madrid, España",2,€€€ , Clásica
Deessa,"Madrid, España",0,€€€€ , Creativa
Gioia,"Madrid, España",0,€€€ , Italiana
Mar Mía,"Madrid, España",0,€€€ , Cocina mediterránea
Xeito! 19' 20'',"Madrid, España",0,€€ , Gallega
Tampu,"Madrid, España",0,€€€ , Peruana
Yugo,"Madrid, España",1,€€€€ , Japonesa
Dos Cielos Madrid,"Madrid, España",0,€€€ , Moderna
Le Bistroman Atelier,"Madrid, España",0,€€€ , Francesa
Comparte Bistró,"Madrid, España",0,€€ , Cocina de mercado
Alabaster,"Madrid, España",0,€€€ , Moderna
Barracuda MX,"Madrid, España",0,€€ , Mexicana
DSTAgE,"Madrid, España",2,€€€€ , Creativa
Ikigai Flor Baja,"Madrid, España",0,€€€ , Japonesa
Taberna Pedraza,"Madrid, España",0,€€ , Tradicional
DSPEAK,"Madrid, España",0,€€ , Moderna
Noi,"Madrid, España",0,€€ , Italiana
Q78,"Madrid, España",0,€€€ , Mexicana
Mudrá,"Madrid, España",0,€€ , Vegetariana
Lamian,"Madrid, España",0,€€ , Fusión
Kitchen,"Madrid, España",0,€€ , A la Parrilla
El Señor Martín,"Madrid, España",0,€€€ , A la Parrilla
Marmitón,"Madrid, España",0,€€ , Actual
Corral de la Morería Gastronómico,"Madrid, España",1,€€€ , Moderna
Fismuler,"Madrid, España",0,€€ , Tradicional
Benares,"Madrid, España",0,€€ , Hindú
Fayer,"Madrid, España",0,€€ , Fusión
El Club Allard,"Madrid, España",0,€€€ , Creativa
La Bien Aparecida,"Madrid, España",0,€€€ , Actual
Playing Solo,"Madrid, España",0,€€€€ , Fusión
Barra Alta Madrid,"Madrid, España",0,€€€ , Moderna
Saddle,"Madrid, España",1,€€€€ , Moderna
Bolívar,"Madrid, España",0,€€ , Tradicional
Ricardo Sanz Wellington,"Madrid, España",1,€€€€ , Japonesa
Garelos,"Madrid, España",0,€€ , Gallega
Coquetto,"Madrid, España",0,€€€ , Tradicional
Hotaru Madrid,"Madrid, España",0,€€€ , Japonesa
Shinatora Ya,"Madrid, España",0,€€€ , Japonesa
L'Atelier Robuchon,"Madrid, España",0,€€€€ , Francesa moderna
Taberna Úbeda,"Madrid, España",0,€ , Tradicional
Tepic,"Madrid, España",0,€€ , Mexicana
Puntarena,"Madrid, España",0,€€€ , Mexicana
Cadaqués,"Madrid, España",0,€€ , Cocina mediterránea
Don Dimas,"Madrid, España",0,€€€ , Tradicional
Sisapo,"Madrid, España",0,€€ , Fusión
Asiakō,"Madrid, España",0,€€€ , Fusión
Coque,"Madrid, España",3,€€€€ , Creativa
Namak,"Madrid, España",0,€€€ , Hindú
Ramón Freixa Madrid,"Madrid, España",0,€€€€ , Creativa
Arzábal,"Madrid, España",2,€€ , Tradicional
Sa Brisa,"Madrid, España",0,€€ , Fusión
China Crown,"Madrid, España",0,€€ , China
Amós,"Madrid, España",0,€€€ , Moderna
Lúa,"Madrid, España",0,€€€ , Moderna
La Maruca - Velázquez,"Madrid, España",1,€€ , Tradicional
Sushi Bar Tottori,"Madrid, España",0,€€ , Japonesa
El Pedrusco de Aldealcorvo,"Madrid, España",0,€€ , Castellana
Bacira,"Madrid, España",0,€€ , Fusión
La Montería,"Madrid, España",0,€€ , Tradicional
Taberna Recreo,"Madrid, España",0,€€ , Innovadora
Las Tortillas de Gabino,"Madrid, España",0,€€ , Tradicional
Tora,"Madrid, España",0,€€€ , Japonesa contemporánea
Alcotán,"Madrid, España",0,€€€ , Tradicional
Marcano,"Madrid, España",0,€€ , Internacional
Treze,"Madrid, España",0,€€ , Cocina de temporada
O'Grelo,"Madrid, España",0,€€€ , Gallega
Omeraki,"Madrid, España",0,€€€ , Fusión
Poncio,"Madrid, España",0,€€ , Actual
Amparito Roca,"Madrid, España",0,€€€ , Tradicional
Soy Kitchen,"Madrid, España",0,€€ , Fusión
Izariya,"Madrid, España",0,€€ , Japonesa
Quimbaya,"Madrid, España",0,€€€ , Colombiana
Miyama,"Madrid, España",1,€€€ , Japonesa
Bistronómika,"Madrid, España",0,€€€ , Tradicional
Santerra,"Madrid, España",0,€€€ , Moderna
NoDrama Concept,"Madrid, España",0,€€€ , Creativa
La Tasquería,"Madrid, España",0,€€ , Moderna
BiBo Madrid,"Madrid, España",0,€€€ , Moderna
TA-KUMI,"Madrid, España",0,€€€ , Japonesa
Bugao Madrid,"Madrid, España",0,€€€ , Cocina de mercado
Leña Madrid,"Madrid, España",0,€€€ , Carnes a la parrilla
Smoked Room,"Madrid, España",2,€€€€ , Actual
Kappo,"Madrid, España",0,€€€ , Japonesa
Zalacaín,"Madrid, España",0,€€€€ , Clásica
Surtopía,"Madrid, España",0,€€€ , Andaluza
Tres por Cuatro,"Madrid, España",0,€€ , Actual
A'Nómalo,"Madrid, España",1,€€€€ , Creativa
A'Barra,"Madrid, España",0,€€€€ , Internacional
Seeds,"Madrid, España",0,€€€ , Moderna
Gala,"Madrid, España",0,€€ , Cocina de mercado
Lakasa,"Madrid, España",0,€€€ , Cocina de mercado
Pilar Akaneya,"Madrid, España",0,€€€ , Steakhouse japonesa
Tori-Key,"Madrid, España",0,€€ , Yakitori
Èter,"Madrid, España",0,€€€ , Actual
Lana,"Madrid, España",0,€€€ , Argentina
Cañadío,"Madrid, España",0,€€ , Tradicional
Bichopalo,"Madrid, España",0,€€ , Moderna
Ikigai Velázquez,"Madrid, España",0,€€€ , Japonesa
La Maruca - López de Hoyos,"Madrid, España",0,€€ , Tradicional
Nantes,"Madrid, España",1,€ , Cocina de temporada
El Invernadero,"Madrid, España",1,€€€€ , Vegetariana
Clos Madrid,"Madrid, España",1,€€€ , Moderna
RavioXO,"Madrid, España",0,€€€ , Creativa
Desde 1911,"Madrid, España",0,€€€€ , Pescados y mariscos
Kabuki,"Madrid, España",1,€€€ , Japonesa
Gaytán,"Madrid, España",0,€€€ , Moderna
La MaMá,"Madrid, España",0,€€ , Tradicional
Ovillo,"Madrid, España",0,€€ , Creativa
Sagrario Tradición,"Madrid, España",0,€€ , Tradicional
Iztac,"Madrid, España",0,€€ , Mexicana
Zuara Sushi,"Madrid, España",1,€€€€ , Japonesa
Rocacho,"Madrid, España",0,€€€ , Tradicional
DiverXO,"Madrid, España",3,€€€€ , Creativa
99 sushi bar,"Madrid, España",0,€€€€ , Japonesa
Rubaiyat Madrid,"Madrid, España",0,€€€ , Carnes a la parrilla
Fonda de la Confianza,"Madrid, España",0,€€ , Tradicional
La Guisandera de Piñera,"Madrid, España",0,€€ , Asturiana
La Morena,"Madrid, España",1,€€ , Fusión
Ugo Chan,"Madrid, España",0,€€€€ , Fusión
La Maruca - Castellana,"Madrid, España",0,€€ , Tradicional
Quinqué,"Madrid, España",0,€€ , Tradicional
Élkar,"Madrid, España",0,€€€ , Moderna
Jaizkibel,"Madrid, España",0,€€ , Vasca
La Roca,"Pozuelo de Alarcón, España",0,€€ , Española
Urrechu,"Pozuelo de Alarcón, España",0,€€€ , Tradicional
Paschi,"Pozuelo de Alarcón, España",0,€€ , Peruana
Kabutokaji,"Pozuelo de Alarcón, España",0,€€€ , Japonesa
Filandón,"Madrid, España",0,€€€ , Tradicional
Zurito,"Pozuelo de Alarcón, España",0,€€ , Cocina de mercado
A'Kangas by Urrechu,"Alcobendas, España",0,€€ , Carnes a la parrilla
El Barril de La Moraleja,"Alcobendas, España",0,€€€ , Pescados y mariscos
99 sushi bar,"Alcobendas, España",0,€€€ , Japonesa
Casa de Pías,"Getafe, España",0,€€ , Moderna
La Rotonda,"Rivas-Vaciamadrid, España",0,€€ , Tradicional
El Viejo Fogón,"Majadahonda, España",0,€€ , Tradicional
El Quinto Sabor,"Villaviciosa de Odón, España",0,€€ , Creativa
La Terraza de Alba,"Tres Cantos, España",0,€€ , Tradicional
La Sartén,"Tres Cantos, España",0,€€ , Fusión
Chirón,"Valdemoro, España",1,€€€ , Moderna
El Bistró,"Griñón, España",0,€€ , Tradicional
El Trasgu,"Torrelodones, España",0,€€€ , Tradicional
Eximio by Fernando Martín,"Alcalá de Henares, España",0,€€ , Actual
El Vagón de Beni,"Hoyo de Manzanares, España",0,€€ , Tradicional
Ki-Jote,"Alcalá de Henares, España",0,€€ , Japonesa
